target,,pyroCb_id,step,obs,persistence,ridge,xgb
y_fire_proxy_p1,0,179,0,-97.58934,-90.97516,-106.70753925977739,-88.76372528076172
y_fire_proxy_p1,1,179,1,-98.93545,-97.58934,-117.70122881360949,-95.83946228027344
y_fire_proxy_p1,2,179,2,-99.40178,-98.93545,-111.02791096743061,-88.47997283935547
y_fire_proxy_p1,3,179,3,-99.15588,-99.40178,-111.45103661645162,-88.736083984375
y_fire_proxy_p1,4,179,4,-91.44462,-99.15588,-113.41679458501157,-98.2778549194336
y_fire_proxy_p1,5,179,5,-93.91057,-91.44462,-121.48993262986139,-96.59346771240234
y_fire_proxy_p1,6,179,6,-96.23272,-93.91057,-110.81772183776359,-88.05006408691406
y_fire_proxy_p1,7,179,7,-92.70482,-96.23272,-114.6317368134589,-89.21761322021484
y_fire_proxy_p1,8,179,8,-89.85205,-92.70482,-114.21641377540044,-88.43509674072266
y_fire_proxy_p1,9,179,9,-86.21325,-89.85205,-118.06856499094178,-90.38793182373047
y_fire_proxy_p1,10,179,10,-80.617775,-86.21325,-112.08994068258329,-93.05770111083984
y_fire_proxy_p1,11,179,11,-92.48282,-80.617775,-108.9473568083013,-89.07231903076172
y_fire_proxy_p1,12,179,12,-89.54259,-92.48282,-111.01806632772984,-92.18246459960938
y_fire_proxy_p1,13,179,13,-89.73132,-89.54259,-116.51632835259336,-92.8080825805664
y_fire_proxy_p1,14,179,14,-98.4755,-89.73132,-110.06936887707116,-86.86552429199219
y_fire_proxy_p1,15,179,15,-94.31148,-98.4755,-111.35772379285183,-87.7314453125
y_fire_proxy_p1,16,179,16,-92.75275,-94.31148,-109.20524169611002,-87.71507263183594
y_fire_proxy_p1,17,179,17,-99.08449,-92.75275,-118.73884048112669,-97.06928253173828
y_fire_proxy_p1,18,179,18,-99.93993,-99.08449,-105.62950302163144,-88.25536346435547
y_fire_proxy_p1,19,179,19,-97.5727,-99.93993,-107.78117275884146,-88.4905776977539
y_fire_proxy_p1,20,179,20,-96.513596,-97.5727,-105.80903896950193,-91.8442153930664
y_fire_proxy_p1,21,179,21,-98.23516,-96.513596,-105.0048019047331,-79.9717788696289
y_fire_proxy_p1,22,179,22,-100.570816,-98.23516,-102.22413759503209,-88.00559997558594
y_fire_proxy_p1,23,180,0,-100.30928,-98.88652,-82.22965362711403,-91.93692016601562
y_fire_proxy_p1,24,180,1,-100.73224,-100.30928,-89.32759657556456,-96.99868774414062
y_fire_proxy_p1,25,180,2,-99.84764,-100.73224,-87.15975294757662,-93.425537109375
y_fire_proxy_p1,26,180,3,-99.52266,-99.84764,-86.79251498246683,-93.39392852783203
y_fire_proxy_p1,27,180,4,-94.14793,-99.52266,-84.64391996582904,-95.36276245117188
y_fire_proxy_p1,28,180,5,-95.726135,-94.14793,-91.33785366044194,-92.64147186279297
y_fire_proxy_p1,29,180,6,-95.83051,-95.726135,-89.2068786719691,-93.15789794921875
y_fire_proxy_p1,30,180,7,-86.15521,-95.83051,-94.60461531367295,-94.80982971191406
y_fire_proxy_p1,31,180,8,-94.38756,-86.15521,-83.8166673018818,-95.9981460571289
y_fire_proxy_p1,32,180,9,-92.85432,-94.38756,-87.49394871754436,-92.4931869506836
y_fire_proxy_p1,33,180,10,-92.83127,-92.85432,-88.70880003130937,-94.0562973022461
y_fire_proxy_p1,34,180,11,-92.53288,-92.83127,-96.36328688557774,-93.50196075439453
y_fire_proxy_p1,35,180,12,-70.58607,-92.53288,-85.59578819606365,-92.04330444335938
y_fire_proxy_p1,36,180,13,-94.27778,-70.58607,-81.27067400857406,-86.71527862548828
y_fire_proxy_p1,37,180,14,-80.42081,-94.27778,-72.76142424578224,-92.60106658935547
y_fire_proxy_p1,38,180,15,-97.71748,-80.42081,-77.77280145485183,-97.29669952392578
y_fire_proxy_p1,39,180,16,-94.45839,-97.71748,-69.6609051265666,-95.71121215820312
y_fire_proxy_p1,40,180,17,-96.16817,-94.45839,-86.35499928728136,-95.56716918945312
y_fire_proxy_p1,41,180,18,-97.70227,-96.16817,-83.01140361831737,-92.908447265625
y_fire_proxy_p1,42,180,19,-97.0179,-97.70227,-86.56882204354734,-97.02413940429688
y_fire_proxy_p1,43,180,20,-94.967384,-97.0179,-74.53043996046867,-93.84664916992188
y_fire_proxy_p1,44,180,21,-95.701836,-94.967384,-79.1933192046415,-91.04627990722656
y_fire_proxy_p1,45,181,0,-74.682976,-96.44789,-89.82442755028059,-96.65342712402344
y_fire_proxy_p1,46,181,1,-97.284,-74.682976,-92.09981635528067,-86.3617172241211
y_fire_proxy_p1,47,181,2,-68.394066,-97.284,-90.83388947602495,-93.91656494140625
y_fire_proxy_p1,48,181,3,-95.86237,-68.394066,-86.12486302822924,-102.34870910644531
y_fire_proxy_p1,49,181,4,-94.29327,-95.86237,-89.07425776235412,-91.47615051269531
y_fire_proxy_p1,50,181,5,-94.007286,-94.29327,-95.64476289428268,-94.88262939453125
y_fire_proxy_p1,51,181,6,-96.25278,-94.007286,-87.37978798638382,-96.28863525390625
y_fire_proxy_p1,52,181,7,-96.300545,-96.25278,-94.74268838597443,-102.336181640625
y_fire_proxy_p1,53,181,8,-94.877785,-96.300545,-91.44186321079005,-95.6402359008789
y_fire_proxy_p1,54,181,9,-94.940384,-94.877785,-96.70306508802028,-95.26768493652344
y_fire_proxy_p1,55,181,10,-96.01058,-94.940384,-94.70227151228647,-92.48292541503906
y_fire_proxy_p1,56,181,11,-95.67748,-96.01058,-92.58467364645543,-98.1623764038086
y_fire_proxy_p1,57,181,12,-94.727745,-95.67748,-92.09300422598871,-93.83977508544922
y_fire_proxy_p1,58,181,13,-94.474045,-94.727745,-92.6119832323699,-94.89283752441406
y_fire_proxy_p1,59,181,14,-95.69172,-94.474045,-91.43029255612235,-94.37298583984375
y_fire_proxy_p1,60,181,15,-95.8645,-95.69172,-94.60839960731424,-97.39220428466797
y_fire_proxy_p1,61,181,16,-94.87309,-95.8645,-91.81482687129557,-94.13116455078125
y_fire_proxy_p1,62,181,17,-94.40705,-94.87309,-99.00088627444092,-94.51668548583984
y_fire_proxy_p1,63,181,18,-94.175804,-94.40705,-89.38047865828543,-94.52151489257812
y_fire_proxy_p1,64,181,19,-94.04424,-94.175804,-89.50997853728371,-93.48470306396484
y_fire_proxy_p1,65,181,20,-92.3214,-94.04424,-93.15849490035876,-91.69688415527344
y_fire_proxy_p1,66,181,21,-92.04181,-92.3214,-93.31682273328752,-93.33201599121094
y_fire_proxy_p1,67,189,0,-92.8038,-94.07653,-89.6466678584233,-91.57058715820312
y_fire_proxy_p1,68,189,1,-94.33026,-92.8038,-99.28503495453913,-96.05770874023438
y_fire_proxy_p1,69,189,2,-94.27849,-94.33026,-94.27975035601571,-93.11100006103516
y_fire_proxy_p1,70,189,3,-93.71344,-94.27849,-94.1797282945358,-90.88591003417969
y_fire_proxy_p1,71,189,5,-96.06276,-88.21846641237114,-97.26630798935203,-93.50712585449219
y_fire_proxy_p1,72,189,6,-95.58163,-96.06276,-95.27562835503328,-93.14527130126953
y_fire_proxy_p1,73,189,7,-93.646736,-95.58163,-97.93912810510014,-92.24369812011719
y_fire_proxy_p1,74,189,8,-93.07546,-93.646736,-98.9872142362166,-94.43501281738281
y_fire_proxy_p1,75,189,9,-93.37667,-93.07546,-92.06103882924484,-95.89090728759766
y_fire_proxy_p1,76,189,10,-94.788185,-93.37667,-100.34519276008275,-95.18827819824219
y_fire_proxy_p1,77,189,11,-93.20914,-94.788185,-88.43643832119176,-89.1544418334961
y_fire_proxy_p1,78,189,12,-93.55686,-93.20914,-94.48050404955129,-93.39598846435547
y_fire_proxy_p1,79,189,13,-94.05819,-93.55686,-89.96194368390096,-93.34581756591797
y_fire_proxy_p1,80,189,14,-92.26878,-94.05819,-89.41844158883578,-92.66070556640625
y_fire_proxy_p1,81,189,15,-89.82702,-92.26878,-92.64771333801902,-89.44824981689453
y_fire_proxy_p1,82,189,16,-91.104294,-89.82702,-97.41662506399945,-94.65592956542969
y_fire_proxy_p1,83,189,17,-94.74012,-91.104294,-88.92360521987068,-92.07349395751953
y_fire_proxy_p1,84,189,18,-90.15469,-94.74012,-88.54700214523393,-93.33748626708984
y_fire_proxy_p1,85,189,19,-88.2511,-90.15469,-91.41715133726814,-93.47122192382812
y_fire_proxy_p1,86,189,20,-89.24536,-88.2511,-96.493088892012,-98.25511169433594
y_fire_proxy_p1,87,190,0,-95.93007,-88.63764,-81.09405760164012,-77.53732299804688
y_fire_proxy_p1,88,190,1,-89.08024,-95.93007,-82.61489529652081,-76.75312805175781
y_fire_proxy_p1,89,190,2,-68.57909,-89.08024,-94.13575780250618,-76.82969665527344
y_fire_proxy_p1,90,190,3,-94.6892,-68.57909,-79.94096779516516,-69.2033462524414
y_fire_proxy_p1,91,190,5,-90.51338,-88.71264434020617,-100.88041742197997,-82.08450317382812
y_fire_proxy_p1,92,190,6,-92.11149,-90.51338,-94.57864159980167,-81.90303802490234
y_fire_proxy_p1,93,190,7,-91.60248,-92.11149,-87.18929818017682,-81.28170776367188
y_fire_proxy_p1,94,190,8,-90.61137,-91.60248,-85.71875926997534,-79.63005828857422
y_fire_proxy_p1,95,190,9,-91.04997,-90.61137,-80.98406315117802,-72.40879821777344
y_fire_proxy_p1,96,190,10,-83.24356,-91.04997,-79.11744427718311,-72.61625671386719
y_fire_proxy_p1,97,190,11,-84.525665,-83.24356,-91.03584790415633,-70.48851013183594
y_fire_proxy_p1,98,190,12,-85.469864,-84.525665,-109.50775155912613,-72.9195556640625
y_fire_proxy_p1,99,190,13,-87.41827,-85.469864,-70.3977069174291,-79.28917694091797
y_fire_proxy_p1,100,190,14,-86.91224,-87.41827,-69.56060525117948,-76.80357360839844
y_fire_proxy_p1,101,190,15,-86.93826,-86.91224,-67.80999410215175,-74.77580261230469
y_fire_proxy_p1,102,190,16,-87.08691,-86.93826,-82.88833426772085,-77.4339370727539
y_fire_proxy_p1,103,190,17,-88.961914,-87.08691,-91.94437659375231,-67.27920532226562
y_fire_proxy_p1,104,190,18,-89.36025,-88.961914,-66.33770541271633,-75.73583984375
y_fire_proxy_p1,105,190,19,-88.557434,-89.36025,-65.3712842645667,-75.80642700195312
y_fire_proxy_p1,106,190,20,-89.56081,-88.557434,-71.10427360048826,-72.16903686523438
y_fire_proxy_p1,107,202,0,-57.961567,-110.61078,-83.09594421308122,-87.85376739501953
y_fire_proxy_p1,108,202,1,-108.8251,-57.961567,-76.02320567473895,-71.94015502929688
y_fire_proxy_p1,109,202,2,-139.60571,-108.8251,-99.27239918896545,-90.96089172363281
y_fire_proxy_p1,110,202,3,-109.75376,-139.60571,-115.66196817641922,-89.42048645019531
y_fire_proxy_p1,111,202,4,-143.05722,-109.75376,-92.9675534873962,-90.2942123413086
y_fire_proxy_p1,112,202,5,-130.19138,-143.05722,-115.5688198831039,-95.44766998291016
y_fire_proxy_p1,113,202,6,-115.06138,-130.19138,-120.3186264389183,-96.13446807861328
y_fire_proxy_p1,114,202,7,-101.2512,-115.06138,-95.52887708347968,-83.90554809570312
y_fire_proxy_p1,115,202,8,-140.90944,-101.2512,-85.4721074900601,-93.57808685302734
y_fire_proxy_p1,116,202,9,-136.14252,-140.90944,-115.05948792718911,-94.55628204345703
y_fire_proxy_p1,117,202,10,-109.30108,-136.14252,-120.11814055021449,-95.2567367553711
y_fire_proxy_p1,118,202,11,-100.521324,-109.30108,-97.83719863680528,-86.62539672851562
y_fire_proxy_p1,119,202,12,-135.77432,-100.521324,-92.18944154116342,-91.6991958618164
y_fire_proxy_p1,120,202,13,-54.937733,-135.77432,-115.12818836892097,-95.59966278076172
y_fire_proxy_p1,121,202,14,-108.53423,-54.937733,-91.61153576607593,-74.02157592773438
y_fire_proxy_p1,122,202,15,-99.928986,-108.53423,-89.58563077813764,-91.53436279296875
y_fire_proxy_p1,123,202,16,-133.778,-99.928986,-86.03567270524177,-94.86372375488281
y_fire_proxy_p1,124,202,17,-82.788055,-133.778,-106.52678094379903,-92.7689437866211
y_fire_proxy_p1,125,202,18,-108.76762,-82.788055,-78.6507323610368,-71.4388427734375
y_fire_proxy_p1,126,202,19,-99.7232,-108.76762,-83.89133085084421,-90.7432861328125
y_fire_proxy_p1,127,202,20,-102.076805,-99.7232,-81.63784804131011,-84.06908416748047
y_fire_proxy_p1,128,202,21,-46.78487,-102.076805,-96.00795963638139,-83.01896667480469
y_fire_proxy_p1,129,216,0,-74.04384,-81.65356,-87.85737780357874,-88.89960479736328
y_fire_proxy_p1,130,216,1,-89.18348,-74.04384,-94.10960681279252,-100.27656555175781
y_fire_proxy_p1,131,216,2,-88.690125,-89.18348,-92.32452948756998,-83.08275604248047
y_fire_proxy_p1,132,216,3,-47.154057,-88.690125,-93.15816655114585,-85.39665222167969
y_fire_proxy_p1,133,216,4,-44.343952,-47.154057,-87.56804938932275,-95.32423400878906
y_fire_proxy_p1,134,216,5,-80.34159,-44.343952,-83.82449797831273,-85.33370208740234
y_fire_proxy_p1,135,216,6,-91.74357,-80.34159,-92.09454194699343,-85.67036437988281
y_fire_proxy_p1,136,216,7,-78.51165,-91.74357,-93.48479648240615,-83.45759582519531
y_fire_proxy_p1,137,216,8,-75.98286,-78.51165,-89.75310189343851,-92.18110656738281
y_fire_proxy_p1,138,216,9,-84.93128,-75.98286,-93.20233579375044,-81.46153259277344
y_fire_proxy_p1,139,216,10,-80.55421,-84.93128,-92.77725373496801,-72.43318176269531
y_fire_proxy_p1,140,216,11,-75.664566,-80.55421,-91.60367134442967,-77.91817474365234
y_fire_proxy_p1,141,216,12,-74.571045,-75.664566,-88.26382322853213,-78.46142578125
y_fire_proxy_p1,142,216,13,-75.48254,-74.571045,-87.47018308011172,-85.3192138671875
y_fire_proxy_p1,143,216,14,-88.03635,-75.48254,-87.40253821045603,-77.98604583740234
y_fire_proxy_p1,144,216,15,-77.582245,-88.03635,-90.00691785061264,-77.35902404785156
y_fire_proxy_p1,145,216,16,-77.95159,-77.582245,-88.29656964345257,-81.66068267822266
y_fire_proxy_p1,146,216,17,-78.190956,-77.95159,-89.751810645348,-82.83841705322266
y_fire_proxy_p1,147,253,0,-105.450645,-105.32563,1.8149351482002487,-87.88363647460938
y_fire_proxy_p1,148,253,1,-102.601715,-105.450645,-9.522640232394892,-90.62418365478516
y_fire_proxy_p1,149,253,2,-104.06502,-102.601715,-7.562887205368099,-77.44062805175781
y_fire_proxy_p1,150,253,3,-108.993744,-104.06502,-9.522836769193347,-88.40218353271484
y_fire_proxy_p1,151,253,4,-104.40036,-108.993744,-6.4718390056169,-87.11158752441406
y_fire_proxy_p1,152,253,5,-97.59746,-104.40036,-7.964398483254044,-82.42521667480469
y_fire_proxy_p1,153,253,6,-106.987465,-97.59746,0.9219368153835887,-82.00504302978516
y_fire_proxy_p1,154,253,7,-107.66371,-106.987465,-2.2405078174408573,-88.226318359375
y_fire_proxy_p1,155,253,8,-107.36676,-107.66371,-0.7617035343729839,-83.68048095703125
y_fire_proxy_p1,156,253,9,-101.74301,-107.36676,-9.15929480453859,-88.64104461669922
y_fire_proxy_p1,157,253,10,-97.86455,-101.74301,-8.486848862439643,-86.37423706054688
y_fire_proxy_p1,158,253,11,-100.04461,-97.86455,-7.466490870294123,-89.6646957397461
y_fire_proxy_p1,159,253,12,-96.27695,-100.04461,-1.562679649274827,-85.58995819091797
y_fire_proxy_p1,160,253,13,-103.96047,-96.27695,-14.349731864832776,-85.4722671508789
y_fire_proxy_p1,161,253,14,-106.3826,-103.96047,-6.744591216162988,-62.60307693481445
y_fire_proxy_p1,162,253,15,-105.09168,-106.3826,-14.91148225008854,-82.46344757080078
y_fire_proxy_p1,163,253,16,-105.600685,-105.09168,-33.23678697167982,-81.6823959350586
y_fire_proxy_p1,164,253,17,-55.502617,-105.600685,-35.14049453118313,-85.69334411621094
y_fire_proxy_p1,165,253,18,-100.20277,-55.502617,-19.937466828595888,-56.8314208984375
y_fire_proxy_p1,166,253,19,-106.52069,-100.20277,-7.4386490726748775,-76.36066436767578
y_fire_proxy_p1,167,253,20,-101.842964,-106.52069,-2.9973830559761154,-72.78465270996094
y_fire_proxy_p1,168,253,21,-41.15854,-101.842964,-13.830965680020341,-88.06526184082031
y_fire_proxy_p1,169,253,22,-104.49721,-41.15854,4.583234303864813,-71.88699340820312
y_fire_proxy_p1,170,258,0,-66.454895,-58.159534,-83.73961443569625,-84.23307037353516
y_fire_proxy_p1,171,258,1,-64.545616,-66.454895,-86.11129047356553,-91.00648498535156
y_fire_proxy_p1,172,258,2,-84.54173,-64.545616,-80.45991794091817,-84.93694305419922
y_fire_proxy_p1,173,258,3,-74.36682,-84.54173,-75.51152442200102,-73.236328125
y_fire_proxy_p1,174,258,4,-71.43639,-74.36682,-83.46467423605387,-86.60952758789062
y_fire_proxy_p1,175,258,5,-81.31522,-71.43639,-91.4496353483196,-94.48744201660156
y_fire_proxy_p1,176,258,6,-74.72764,-81.31522,-80.69041883732207,-85.70999908447266
y_fire_proxy_p1,177,258,7,-74.39185,-74.72764,-82.64797034711557,-84.06294250488281
y_fire_proxy_p1,178,258,8,-65.998505,-74.39185,-81.50034860513681,-86.0952377319336
y_fire_proxy_p1,179,258,9,-77.88988,-65.998505,-84.11605339416542,-87.94584655761719
y_fire_proxy_p1,180,258,10,-76.72553,-77.88988,-78.32124552238874,-82.13829803466797
y_fire_proxy_p1,181,258,11,-74.25119,-76.72553,-73.85184514064704,-79.47593688964844
y_fire_proxy_p1,182,258,12,-70.46376,-74.25119,-81.57464803833224,-86.62348937988281
y_fire_proxy_p1,183,258,13,-79.29855,-70.46376,-85.35137634843953,-91.52891540527344
y_fire_proxy_p1,184,258,14,-68.542244,-79.29855,-75.62509518319364,-80.39753723144531
y_fire_proxy_p1,185,258,15,-47.41034,-68.542244,-75.40045008854125,-76.78883361816406
y_fire_proxy_p1,186,258,16,-65.007095,-47.41034,-73.18701525120147,-75.43710327148438
y_fire_proxy_p1,187,258,17,-57.91606,-65.007095,-83.24571246209018,-83.58583068847656
y_fire_proxy_p1,188,258,18,-38.278744,-57.91606,-75.76446787797546,-70.8634033203125
y_fire_proxy_p1,189,258,19,-36.85086,-38.278744,-70.88928257263252,-75.64524841308594
y_fire_proxy_p1,190,258,20,-76.27824,-36.85086,-72.57628317484347,-72.42645263671875
y_fire_proxy_p1,191,260,0,-72.258995,-72.09018,-81.84203611152442,-83.99601745605469
y_fire_proxy_p1,192,260,1,-84.26825,-72.258995,-83.30284213686676,-84.9320068359375
y_fire_proxy_p1,193,260,2,-56.40357,-84.26825,-73.7118361565374,-80.91116333007812
y_fire_proxy_p1,194,260,3,-52.78835,-56.40357,-68.00936433884468,-70.6305160522461
y_fire_proxy_p1,195,260,4,-71.48845,-52.78835,-74.9265382699611,-70.85400390625
y_fire_proxy_p1,196,260,5,-71.830925,-71.48845,-74.64958392093614,-81.04720306396484
y_fire_proxy_p1,197,260,6,-79.00374,-71.830925,-62.96025872151188,-75.9998779296875
y_fire_proxy_p1,198,260,7,-75.06909,-79.00374,-63.51283172440456,-84.38050079345703
y_fire_proxy_p1,199,260,8,-73.343124,-75.06909,-67.50147828453007,-76.3383560180664
y_fire_proxy_p1,200,260,9,-84.19316,-73.343124,-79.54530174832212,-78.70159912109375
y_fire_proxy_p1,201,260,10,-78.723854,-84.19316,-67.34327885620812,-81.37435150146484
y_fire_proxy_p1,202,260,11,-74.93157,-78.723854,-69.47282545985526,-86.93183898925781
y_fire_proxy_p1,203,260,12,-74.773705,-74.93157,-72.7911955639849,-69.604736328125
y_fire_proxy_p1,204,260,13,-79.74711,-74.773705,-77.5108877585927,-78.17919158935547
y_fire_proxy_p1,205,260,14,-76.066055,-79.74711,-71.6246560391543,-77.44115447998047
y_fire_proxy_p1,206,260,15,-74.04853,-76.066055,-64.25814036489705,-65.05975341796875
y_fire_proxy_p1,207,260,16,-77.135254,-74.04853,-73.68187730164254,-79.50432586669922
y_fire_proxy_p1,208,260,17,-79.631485,-77.135254,-76.73184503230894,-84.35137176513672
y_fire_proxy_p1,209,260,18,-70.09827,-79.631485,-74.27612210334537,-85.15985107421875
y_fire_proxy_p1,210,260,19,-58.89822,-70.09827,-63.283829985843695,-63.98856735229492
y_fire_proxy_p1,211,260,20,-63.02428,-58.89822,-63.02334199066987,-68.3089828491211
y_fire_proxy_p1,212,260,21,-63.624737,-63.02428,-66.85432594409033,-75.700439453125
y_fire_proxy_p1,213,260,22,-33.314445,-63.624737,-59.25001002484491,-70.18440246582031
y_chp_p1,0,179,0,1.5844574,2.1214066,-7.9018075515891635,-3.3535354137420654
y_chp_p1,1,179,1,0.5549164,1.5844574,-3.197126631897247,0.012928765267133713
y_chp_p1,2,179,2,0.95085144,0.5549164,-6.785409333508564,-1.8584281206130981
y_chp_p1,3,179,3,2.1118546,0.95085144,-7.644471938945564,-2.424208879470825
y_chp_p1,4,179,4,-3.9968185,2.1118546,-7.757539451082138,-2.397693395614624
y_chp_p1,5,179,5,0.4087677,-3.9968185,-2.3597941116761763,2.7798562049865723
y_chp_p1,6,179,6,-0.10394287,0.4087677,-7.251587315928592,-2.508946657180786
y_chp_p1,7,179,7,-3.2381973,-0.10394287,-7.553568957086037,-2.3075735569000244
y_chp_p1,8,179,8,-1.2285995,-3.2381973,-7.672747048885238,-4.384393215179443
y_chp_p1,9,179,9,-5.199318,-1.2285995,-3.5622668609695403,1.1465576887130737
y_chp_p1,10,179,10,-4.046547,-5.199318,-6.531760848428953,-4.214588165283203
y_chp_p1,11,179,11,-1.0979156,-4.046547,-9.588564248153238,-4.307331085205078
y_chp_p1,12,179,12,-1.8776627,-1.0979156,-9.796454690866733,-3.0407001972198486
y_chp_p1,13,179,13,-4.452812,-1.8776627,-4.9191475583103745,-0.07408536970615387
y_chp_p1,14,179,14,0.8907852,-4.452812,-7.99888733209098,-4.466831207275391
y_chp_p1,15,179,15,-0.37254333,0.8907852,-9.425736520869835,-2.9187569618225098
y_chp_p1,16,179,16,-6.885933,-0.37254333,-10.293661852826535,-1.8711862564086914
y_chp_p1,17,179,17,1.8863068,-6.885933,-3.8414167158335433,-0.05749829486012459
y_chp_p1,18,179,18,1.1431503,1.8863068,-9.416029892590522,-2.5912108421325684
y_chp_p1,19,179,19,1.0067902,1.1431503,-9.632005285038767,-1.0809967517852783
y_chp_p1,20,179,20,1.6785507,1.0067902,-10.166297818382015,-2.0672922134399414
y_chp_p1,21,179,21,2.4258194,1.6785507,-7.8766818273769506,-5.467764854431152
y_chp_p1,22,179,22,3.8992462,2.4258194,-9.717070574170156,-2.11081862449646
y_chp_p1,23,180,0,-1.6299667,0.6319885,-0.8555059391213496,-1.462097406387329
y_chp_p1,24,180,1,0.44947815,-1.6299667,1.54832887777253,0.6398271322250366
y_chp_p1,25,180,2,1.1431503,0.44947815,3.946532694147765,-0.43455538153648376
y_chp_p1,26,180,3,-0.35863495,1.1431503,2.3807358492759834,-0.9688407182693481
y_chp_p1,27,180,4,-4.2677383,-0.35863495,-0.7795293065927068,-2.14892840385437
y_chp_p1,28,180,5,-0.92907715,-4.2677383,3.1835089908466596,-1.2690179347991943
y_chp_p1,29,180,6,-2.7886505,-0.92907715,5.337686093919145,-0.2243281453847885
y_chp_p1,30,180,7,-2.250145,-2.7886505,5.720967371712015,-3.0698559284210205
y_chp_p1,31,180,8,-2.4357529,-2.250145,1.8600591933928179,-3.62888240814209
y_chp_p1,32,180,9,-1.2634048,-2.4357529,2.064561999202889,-1.9851809740066528
y_chp_p1,33,180,10,-2.0609512,-1.2634048,6.471476971499089,-1.9923969507217407
y_chp_p1,34,180,11,-2.1542664,-2.0609512,5.511693038723805,-2.4253487586975098
y_chp_p1,35,180,12,-5.56559,-2.1542664,2.813278387952755,-3.769686460494995
y_chp_p1,36,180,13,0.5020752,-5.56559,0.7067609976669127,0.5388686656951904
y_chp_p1,37,180,14,-2.2583847,0.5020752,-2.183645519433426,-2.091402530670166
y_chp_p1,38,180,15,0.67658234,-2.2583847,-2.473618295602773,-3.913520336151123
y_chp_p1,39,180,16,-2.6888885,0.67658234,-8.264941632542183,-2.062462568283081
y_chp_p1,40,180,17,-0.010635376,-2.6888885,-0.5646492669564626,-0.5004336833953857
y_chp_p1,41,180,18,2.5361557,-0.010635376,2.691600413454445,-2.234539270401001
y_chp_p1,42,180,19,0.41287994,2.5361557,0.1499586613909557,0.49392884969711304
y_chp_p1,43,180,20,0.6229706,0.41287994,-6.208217593327958,-3.92417573928833
y_chp_p1,44,180,21,-0.40657043,0.6229706,-3.047766281332031,-1.9842745065689087
y_chp_p1,45,181,0,-3.5704346,-0.96232605,-5.440802719975959,-2.710814952850342
y_chp_p1,46,181,1,5.7384567,-3.5704346,0.02436966302037835,-1.4411401748657227
y_chp_p1,47,181,2,-6.5659943,5.7384567,-1.0815815675550642,0.027949851006269455
y_chp_p1,48,181,3,0.33090973,-6.5659943,-0.6360769894697889,1.816633701324463
y_chp_p1,49,181,4,-1.6544418,0.33090973,-5.621504081824863,-1.8375344276428223
y_chp_p1,50,181,5,4.4029465,-1.6544418,-0.6774169513359745,-1.5564401149749756
y_chp_p1,51,181,6,-1.3915176,4.4029465,-5.241299643522707,1.397190809249878
y_chp_p1,52,181,7,-1.5619125,-1.3915176,-2.906583421770661,3.5560081005096436
y_chp_p1,53,181,8,-3.1732407,-1.5619125,-5.665303557245213,-4.1039137840271
y_chp_p1,54,181,9,-4.2133484,-3.1732407,-0.5687904317677241,-1.3816832304000854
y_chp_p1,55,181,10,-2.2166443,-4.2133484,-0.8811952294334533,0.10542821884155273
y_chp_p1,56,181,11,-2.029251,-2.2166443,-2.881015130975871,1.921138048171997
y_chp_p1,57,181,12,-2.617485,-2.029251,-4.674845779578643,-3.960144519805908
y_chp_p1,58,181,13,-7.4262314,-2.617485,-2.2974388868707485,-0.5674883127212524
y_chp_p1,59,181,14,-3.7460175,-7.4262314,-3.707965378643768,0.9014043807983398
y_chp_p1,60,181,15,-3.4158096,-3.7460175,1.0087468104210036,1.9014568328857422
y_chp_p1,61,181,16,-6.694412,-3.4158096,-7.483298598107414,-2.6135222911834717
y_chp_p1,62,181,17,-7.7231827,-6.694412,0.06244075627588885,0.09417598694562912
y_chp_p1,63,181,18,-4.146843,-7.7231827,-5.02809722875592,-1.796715259552002
y_chp_p1,64,181,19,-4.190666,-4.146843,-0.921784787411428,1.117553472518921
y_chp_p1,65,181,20,-7.155304,-4.190666,-5.232742018287686,-3.988908529281616
y_chp_p1,66,181,21,-1.0703278,-7.155304,-3.7695506802690804,-1.5450702905654907
y_chp_p1,67,189,0,-9.125206,-4.493286,0.17527747957016537,-1.8424510955810547
y_chp_p1,68,189,1,-2.11689,-9.125206,4.192967072232701,0.44597020745277405
y_chp_p1,69,189,2,-3.217064,-2.11689,1.855950176239303,-1.3839961290359497
y_chp_p1,70,189,3,-4.0089417,-3.217064,-0.03815567197871794,-1.7488933801651
y_chp_p1,71,189,5,-1.5619125,0.6001992654329898,4.789590647201759,0.8904651403427124
y_chp_p1,72,189,6,-1.2479401,-1.5619125,2.988231374288906,-0.8758363127708435
y_chp_p1,73,189,7,-1.7696686,-1.2479401,4.967346062621454,-1.964603066444397
y_chp_p1,74,189,8,-1.8410721,-1.7696686,5.467808456930502,0.8562800884246826
y_chp_p1,75,189,9,-5.8685074,-1.8410721,1.6227962225475192,0.5921500325202942
y_chp_p1,76,189,10,-2.0398178,-5.8685074,4.164281588096442,-0.7281529307365417
y_chp_p1,77,189,11,-2.2150955,-2.0398178,0.668740987947638,-3.048746347427368
y_chp_p1,78,189,12,-1.2195892,-2.2150955,3.405755907622973,-0.19745542109012604
y_chp_p1,79,189,13,0.18321991,-1.2195892,1.3077958399831817,-0.1715070903301239
y_chp_p1,80,189,14,-0.8666916,0.18321991,0.6786289321774748,-0.7035800218582153
y_chp_p1,81,189,15,-4.045532,-0.8666916,2.8781584473886253,-3.811016798019409
y_chp_p1,82,189,16,-1.3778534,-4.045532,4.9927337446346005,0.6067407131195068
y_chp_p1,83,189,17,0.3479309,-1.3778534,1.7223569527391405,0.27014094591140747
y_chp_p1,84,189,18,-2.9948578,0.3479309,0.902997438752964,-0.21940284967422485
y_chp_p1,85,189,19,-5.9813995,-2.9948578,3.5835410218533874,-2.4192259311676025
y_chp_p1,86,189,20,-5.2227783,-5.9813995,3.9740809978903977,0.6565546989440918
y_chp_p1,87,190,0,6.0637665,3.0414047,-1.5453305905355135,-5.718530654907227
y_chp_p1,88,190,1,3.910347,6.0637665,1.0660343930618823,-3.408039093017578
y_chp_p1,89,190,2,-5.5867157,3.910347,5.19488839715411,-0.37565869092941284
y_chp_p1,90,190,3,1.0302505,-5.5867157,-2.0810367204158995,-4.437363624572754
y_chp_p1,91,190,5,1.1697159,0.47114621017525793,4.880905639144828,-2.981959819793701
y_chp_p1,92,190,6,0.6959305,1.1697159,1.1075773317828626,-3.623394012451172
y_chp_p1,93,190,7,-0.32717133,0.6959305,-1.6750459164176934,-6.070909023284912
y_chp_p1,94,190,8,-0.71743774,-0.32717133,0.1922942707036805,-4.7947845458984375
y_chp_p1,95,190,9,-0.7506943,-0.71743774,-2.8379068268372265,-6.665729522705078
y_chp_p1,96,190,10,-3.4590912,-0.7506943,-4.890499723275833,-5.621560096740723
y_chp_p1,97,190,11,-4.4610596,-3.4590912,1.8182756841949426,-5.670449733734131
y_chp_p1,98,190,12,-2.8221436,-4.4610596,10.200637391870893,-6.013946533203125
y_chp_p1,99,190,13,-2.9551544,-2.8221436,-5.829901860508331,-3.4668586254119873
y_chp_p1,100,190,14,-5.606598,-2.9551544,-6.626074114439791,-4.977300643920898
y_chp_p1,101,190,15,-7.4937515,-5.606598,-6.989392993028028,-6.399054527282715
y_chp_p1,102,190,16,-2.5478745,-7.4937515,-0.9785826692468891,-1.86447274684906
y_chp_p1,103,190,17,-1.5969543,-2.5478745,1.9450170920519922,-6.2798051834106445
y_chp_p1,104,190,18,-1.5474625,-1.5969543,-5.361299481184435,-3.319136619567871
y_chp_p1,105,190,19,-5.156273,-1.5474625,-6.853352326507034,-4.500056743621826
y_chp_p1,106,190,20,1.0049973,-5.156273,-4.133728455903089,-5.074822902679443
y_chp_p1,107,202,0,-8.700851,10.7990265,-2.0197323986952767,-1.9328246116638184
y_chp_p1,108,202,1,22.408318,-8.700851,-3.5953016676613174,-4.623404026031494
y_chp_p1,109,202,2,34.9757,22.408318,6.218193246499583,0.6563912034034729
y_chp_p1,110,202,3,8.725243,34.9757,9.432964636208272,-0.4778127670288086
y_chp_p1,111,202,4,33.235466,8.725243,0.29000448184503624,-5.3269572257995605
y_chp_p1,112,202,5,28.416687,33.235466,9.436112750725663,1.5972161293029785
y_chp_p1,113,202,6,11.429527,28.416687,9.739970353562567,-0.4074924886226654
y_chp_p1,114,202,7,4.063965,11.429527,1.1313653533039394,-4.862031936645508
y_chp_p1,115,202,8,31.613571,4.063965,-0.3138636419171509,-1.2123833894729614
y_chp_p1,116,202,9,28.270775,31.613571,9.180404251484413,1.5281449556350708
y_chp_p1,117,202,10,7.7021484,28.270775,9.038085103139867,-0.15929478406906128
y_chp_p1,118,202,11,0.5046463,7.7021484,-0.25749353075712444,-2.732656955718994
y_chp_p1,119,202,12,28.65615,0.5046463,-1.2725595610180953,-1.8523212671279907
y_chp_p1,120,202,13,-12.787567,28.65615,8.518495456105986,1.3549507856369019
y_chp_p1,121,202,14,10.079323,-12.787567,-1.5364039403841019,-4.118998050689697
y_chp_p1,122,202,15,3.2558517,10.079323,1.4176777471162387,-1.093488335609436
y_chp_p1,123,202,16,26.274857,3.2558517,-1.0669295637011982,-2.022228956222534
y_chp_p1,124,202,17,7.0492554,26.274857,6.458220701029924,0.1336122751235962
y_chp_p1,125,202,18,12.263428,7.0492554,-2.559963728262688,-1.7739388942718506
y_chp_p1,126,202,19,7.6354065,12.263428,1.6410749537496192,0.5567771196365356
y_chp_p1,127,202,20,17.042023,7.6354065,-1.9967112774440765,-1.8122211694717407
y_chp_p1,128,202,21,-11.088833,17.042023,3.547741838975065,0.15267349779605865
y_chp_p1,129,216,0,-9.77063,0.23891449,1.0305495415318773,6.3666791915893555
y_chp_p1,130,216,1,5.494873,-9.77063,2.6476351041107473,6.860371112823486
y_chp_p1,131,216,2,6.2323685,5.494873,2.644972143453426,4.448225498199463
y_chp_p1,132,216,3,-11.4409485,6.2323685,2.6538594509321176,3.8207709789276123
y_chp_p1,133,216,4,-13.7338295,-11.4409485,1.2886234381807014,4.029665946960449
y_chp_p1,134,216,5,-0.7233505,-13.7338295,0.43989492778546063,3.474302291870117
y_chp_p1,135,216,6,7.3147507,-0.7233505,3.473783457038,2.77054762840271
y_chp_p1,136,216,7,-1.0414352,7.3147507,3.842878922996954,1.2207105159759521
y_chp_p1,137,216,8,-5.502182,-1.0414352,2.5645667270144106,3.7903008460998535
y_chp_p1,138,216,9,4.2810364,-5.502182,2.953818475626037,2.3120856285095215
y_chp_p1,139,216,10,0.65753937,4.2810364,3.818725493171972,-0.12877221405506134
y_chp_p1,140,216,11,-3.3838043,0.65753937,2.6899498358087452,0.7593464851379395
y_chp_p1,141,216,12,-2.5359879,-3.3838043,-1.0627989213060245,-1.3921557664871216
y_chp_p1,142,216,13,-1.9258423,-2.5359879,-0.6559477196095718,2.023383617401123
y_chp_p1,143,216,14,4.3070602,-1.9258423,-0.4716618391925644,-0.9506208300590515
y_chp_p1,144,216,15,-1.6296692,4.3070602,0.8811349741360859,0.5905510187149048
y_chp_p1,145,216,16,-2.1140213,-1.6296692,-0.47609764194267107,1.9121226072311401
y_chp_p1,146,216,17,-0.16114044,-2.1140213,0.7202068711387373,3.1964688301086426
y_chp_p1,147,253,0,8.545845,7.6931305,-30.67452462822475,8.315816879272461
y_chp_p1,148,253,1,9.669479,8.545845,-23.573027117456125,10.237878799438477
y_chp_p1,149,253,2,6.323593,9.669479,-19.138297910736398,6.08173131942749
y_chp_p1,150,253,3,10.700821,6.323593,-22.777363067040348,7.990335464477539
y_chp_p1,151,253,4,10.851624,10.700821,-26.968678934858765,8.391409873962402
y_chp_p1,152,253,5,8.698204,10.851624,-21.590621736282667,15.458979606628418
y_chp_p1,153,253,6,6.4323654,8.698204,-21.098415609867768,11.530885696411133
y_chp_p1,154,253,7,10.772987,6.4323654,-22.38539800619212,12.381453514099121
y_chp_p1,155,253,8,8.363335,10.772987,-24.67518111576987,6.023238658905029
y_chp_p1,156,253,9,8.272354,8.363335,-19.75323541412391,17.16409683227539
y_chp_p1,157,253,10,4.2139893,8.272354,-17.81754093408466,14.042531967163086
y_chp_p1,158,253,11,8.157906,4.2139893,-23.56896945572035,9.787694931030273
y_chp_p1,159,253,12,1.9316864,8.157906,-26.864772569250405,11.925137519836426
y_chp_p1,160,253,13,14.125328,1.9316864,-20.641216172297874,13.846124649047852
y_chp_p1,161,253,14,7.7751007,14.125328,-16.82087252247161,8.74853229522705
y_chp_p1,162,253,15,9.079689,7.7751007,-17.589814172656872,9.034460067749023
y_chp_p1,163,253,16,9.750671,9.079689,-10.587698596336205,8.076353073120117
y_chp_p1,164,253,17,-5.173229,9.750671,-3.893697001690792,15.653864860534668
y_chp_p1,165,253,18,6.9693146,-5.173229,-2.4046821824626683,4.814310550689697
y_chp_p1,166,253,19,11.571312,6.9693146,-11.612521461186452,8.014809608459473
y_chp_p1,167,253,20,7.17218,11.571312,-29.149113168200266,0.03762534260749817
y_chp_p1,168,253,21,-8.780727,7.17218,-19.904737196199893,11.051265716552734
y_chp_p1,169,253,22,9.23951,-8.780727,-21.819799702240363,12.331721305847168
y_chp_p1,170,258,0,-7.357094,-11.143761,6.066637856478741,6.8882927894592285
y_chp_p1,171,258,1,-7.736023,-7.357094,7.293947812367728,7.440049171447754
y_chp_p1,172,258,2,3.736618,-7.736023,4.323214517874869,4.283577919006348
y_chp_p1,173,258,3,-3.4381943,3.736618,0.18327841976915538,2.836207389831543
y_chp_p1,174,258,4,-8.872543,-3.4381943,3.7640188073848924,5.241232395172119
y_chp_p1,175,258,5,1.5484009,-8.872543,9.353126790201209,10.767525672912598
y_chp_p1,176,258,6,-1.9639969,1.5484009,3.5196178756398764,5.5317254066467285
y_chp_p1,177,258,7,-3.6142502,-1.9639969,3.6501550253257857,8.390609741210938
y_chp_p1,178,258,8,-4.985588,-3.6142502,3.1531453624794112,6.267003536224365
y_chp_p1,179,258,9,0.37270355,-4.985588,5.832893564611921,8.721713066101074
y_chp_p1,180,258,10,-0.11087036,0.37270355,1.3974449938297684,4.228514671325684
y_chp_p1,181,258,11,-2.1782074,-0.11087036,-1.5653730641557104,3.1446924209594727
y_chp_p1,182,258,12,-8.277863,-2.1782074,3.813255964810831,5.321760654449463
y_chp_p1,183,258,13,-1.5371323,-8.277863,6.49575745235818,9.205425262451172
y_chp_p1,184,258,14,-5.256508,-1.5371323,0.9776601587879291,3.3208491802215576
y_chp_p1,185,258,15,-9.383408,-5.256508,0.15277540822336866,4.4180402755737305
y_chp_p1,186,258,16,-4.9190826,-9.383408,0.4176864895494309,2.51755428314209
y_chp_p1,187,258,17,-7.672081,-4.9190826,6.843598219201979,4.983126640319824
y_chp_p1,188,258,18,-12.856102,-7.672081,0.923125986166188,0.6662431359291077
y_chp_p1,189,258,19,-11.573425,-12.856102,-1.4803480368381219,6.522181510925293
y_chp_p1,190,258,20,-2.0361786,-11.573425,2.342031415788469,0.9659958481788635
y_chp_p1,191,260,0,-1.8691254,-3.7781906,-2.4170019389691086,0.8605455160140991
y_chp_p1,192,260,1,2.9114914,-1.8691254,0.46903744289626687,1.9761197566986084
y_chp_p1,193,260,2,-8.35363,2.9114914,-5.1708384058990235,4.425995349884033
y_chp_p1,194,260,3,-11.784832,-8.35363,-9.492436345992635,1.6848227977752686
y_chp_p1,195,260,4,-0.4988098,-11.784832,-7.190840003277359,-2.885484457015991
y_chp_p1,196,260,5,-1.7425613,-0.4988098,-3.433169124910714,2.1293506622314453
y_chp_p1,197,260,6,-0.82722473,-1.7425613,-9.518779937429851,3.534959316253662
y_chp_p1,198,260,7,-0.9847183,-0.82722473,-11.944355465696066,0.02263377234339714
y_chp_p1,199,260,8,-6.2381134,-0.9847183,-10.213667471647613,-1.8019680976867676
y_chp_p1,200,260,9,2.7354355,-6.2381134,-2.604291519351647,2.306516170501709
y_chp_p1,201,260,10,-1.1517563,2.7354355,-7.5342761137608,2.0035059452056885
y_chp_p1,202,260,11,-1.4853134,-1.1517563,-6.605169116758609,-1.9432978630065918
y_chp_p1,203,260,12,-0.57743835,-1.4853134,-7.7729811626914636,-7.833319187164307
y_chp_p1,204,260,13,0.31676483,-0.57743835,-2.247383373203001,-4.192482948303223
y_chp_p1,205,260,14,-1.2053757,0.31676483,-3.9861623196753575,-0.6250081062316895
y_chp_p1,206,260,15,-3.4325256,-1.2053757,-8.345685410853113,-1.9810431003570557
y_chp_p1,207,260,16,-4.187805,-3.4325256,-5.514585362578821,-0.7398052215576172
y_chp_p1,208,260,17,-3.1768265,-4.187805,-3.7594307432392364,-2.2848663330078125
y_chp_p1,209,260,18,-6.038597,-3.1768265,-3.3890243408863476,-2.408306121826172
y_chp_p1,210,260,19,-7.1828346,-6.038597,-9.380610095685906,-4.398156642913818
y_chp_p1,211,260,20,-8.131184,-7.1828346,-10.439341755383774,-3.917111396789551
y_chp_p1,212,260,21,-6.233467,-8.131184,-8.767338082651811,-2.3459153175354004
y_chp_p1,213,260,22,-12.397003,-6.233467,-10.473753172533758,-3.3202195167541504
y_cbt_chg_p1,0,179,0,0.0672671599999999,0.0,-0.18005380049144662,-0.032137658447027206
y_cbt_chg_p1,1,179,1,0.08916794,0.0,0.16332978401541065,0.15037208795547485
y_cbt_chg_p1,2,179,2,-0.0703957499999999,0.0,-0.08904601043810617,-0.05744854360818863
y_cbt_chg_p1,3,179,3,-0.0015643499999999,0.0,-0.3746980461979456,-0.1300833523273468
y_cbt_chg_p1,4,179,4,-0.1579995,0.0,-0.27631587650763084,0.0033882460556924343
y_cbt_chg_p1,5,179,5,0.35510773,0.0,0.34840900570493927,0.389749139547348
y_cbt_chg_p1,6,179,6,-0.19397956,0.0,-0.18131292296130652,-0.13470695912837982
y_cbt_chg_p1,7,179,7,-0.13453417,0.0,-0.34836330230908313,-0.15560248494148254
y_cbt_chg_p1,8,179,8,-0.0672670999999999,0.0,-0.11973783840298415,0.006242403760552406
y_cbt_chg_p1,9,179,9,0.37231555,0.0,0.3296525402882363,0.24470911920070648
y_cbt_chg_p1,10,179,10,-0.29409801,0.0,-0.1759855359375498,-0.1719726175069809
y_cbt_chg_p1,11,179,11,0.0625740599999999,0.0,-0.29540210881910095,-0.14210298657417297
y_cbt_chg_p1,12,179,12,-0.1282767999999999,0.0,-0.2771030496018536,-0.07738396525382996
y_cbt_chg_p1,13,179,13,0.4051669,0.0,0.31046489113842124,0.19813255965709686
y_cbt_chg_p1,14,179,14,-0.2315239,0.0,-0.22928303980085202,-0.19619005918502808
y_cbt_chg_p1,15,179,15,-0.0922967599999999,0.0,-0.3707743637344637,-0.1440645158290863
y_cbt_chg_p1,16,179,16,-0.0250296,0.0,-0.2688937574260814,-0.042339079082012177
y_cbt_chg_p1,17,179,17,0.15174206,0.0,0.28827057886007684,0.5515298247337341
y_cbt_chg_p1,18,179,18,-0.0140791400000001,0.0,-0.06130519820455652,-0.016995983198285103
y_cbt_chg_p1,19,179,19,-0.0578810299999999,0.0,-0.37914145798768145,-0.1493327021598816
y_cbt_chg_p1,20,179,20,-0.02972266,0.0,-0.2527031042587943,-0.0017546380404382944
y_cbt_chg_p1,21,179,21,0.25811793,0.0,0.11531683715671674,0.27132418751716614
y_cbt_chg_p1,22,179,22,-0.15799947,0.0,-0.23816419470216899,-0.07057975232601166
y_cbt_chg_p1,23,180,0,0.0125148399999999,0.0,0.102619261621568,-0.07357341796159744
y_cbt_chg_p1,24,180,1,0.07196016,0.0,0.36500371483102284,0.191580131649971
y_cbt_chg_p1,25,180,2,-0.0062573999999999,0.0,0.2678664776089191,-0.0723114013671875
y_cbt_chg_p1,26,180,3,-0.12045505,0.0,0.019308974694428545,-0.21594800055027008
y_cbt_chg_p1,27,180,4,-0.11889073,0.0,0.09182375599612352,-0.07023496180772781
y_cbt_chg_p1,28,180,5,0.35197898,0.0,0.5075655231564233,0.23676472902297974
y_cbt_chg_p1,29,180,6,-0.2033656,0.0,0.15805879556161695,-0.17155399918556213
y_cbt_chg_p1,30,180,7,-0.17364298,0.0,0.11870300121568655,-0.21744437515735626
y_cbt_chg_p1,31,180,8,0.0328513799999999,0.0,0.2952447433465206,0.033656347543001175
y_cbt_chg_p1,32,180,9,0.59288906,0.0,0.44378235380005615,0.2679932713508606
y_cbt_chg_p1,33,180,10,-0.4223747599999999,0.0,-0.004445344125052165,-0.17781473696231842
y_cbt_chg_p1,34,180,11,-0.14704907,0.0,0.09042226309223429,-0.24277018010616302
y_cbt_chg_p1,35,180,12,-0.12671241,0.0,0.32698391358675993,0.035839226096868515
y_cbt_chg_p1,36,180,13,0.50997848,0.0,0.41406587459576244,0.3865383565425873
y_cbt_chg_p1,37,180,14,-0.34728596,0.0,-0.17157107015479608,-0.2802504897117615
y_cbt_chg_p1,38,180,15,0.07508883,0.0,0.03151823230163165,-0.10896303504705429
y_cbt_chg_p1,39,180,16,-0.1063758699999999,0.0,-0.18863660967379708,-0.04017763212323189
y_cbt_chg_p1,40,180,17,0.6163543,0.0,0.3842328301364223,0.34881848096847534
y_cbt_chg_p1,41,180,18,-0.3957807599999999,0.0,-0.12405058731891555,-0.1883869618177414
y_cbt_chg_p1,42,180,19,-0.20649439,0.0,-0.14163096813714945,-0.18426500260829926
y_cbt_chg_p1,43,180,20,-0.02815831,0.0,-0.02322689099999252,-0.010282345116138458
y_cbt_chg_p1,44,180,21,0.70082926,0.0,0.30572245204137816,0.3475378155708313
y_cbt_chg_p1,45,181,0,-0.20962303,0.0,-0.18312135217230105,-0.026612581685185432
y_cbt_chg_p1,46,181,1,0.2643753299999999,0.0,0.2541207240663491,0.5974888205528259
y_cbt_chg_p1,47,181,2,0.0359801,0.0,-0.10610711774866396,-0.010249701328575611
y_cbt_chg_p1,48,181,3,-0.14861336,0.0,-0.2195593654622255,0.010006292723119259
y_cbt_chg_p1,49,181,4,-0.0641384099999999,0.0,-0.27499341261950494,-0.051364220678806305
y_cbt_chg_p1,50,181,5,0.53344372,0.0,0.2612385687474018,0.4126679003238678
y_cbt_chg_p1,51,181,6,-0.11732635,0.0,-0.424839137548749,-0.21925005316734314
y_cbt_chg_p1,52,181,7,-0.3942164499999999,0.0,-0.5203793081846327,-0.18958048522472382
y_cbt_chg_p1,53,181,8,-0.01251483,0.0,-0.14646411425020464,-0.028930557891726494
y_cbt_chg_p1,54,181,9,0.48182018,0.0,0.29114599707453903,0.4563736915588379
y_cbt_chg_p1,55,181,10,-0.12984116,0.0,-0.23783741809679346,-0.25521692633628845
y_cbt_chg_p1,56,181,11,-0.3598007599999999,0.0,-0.4699703669545272,-0.207004576921463
y_cbt_chg_p1,57,181,12,0.0093860899999999,0.0,-0.07836340623555998,-0.05731886625289917
y_cbt_chg_p1,58,181,13,0.55065158,0.0,0.22831356325580124,0.49928519129753113
y_cbt_chg_p1,59,181,14,-0.1783360499999999,0.0,-0.4072685003492137,-0.3089791238307953
y_cbt_chg_p1,60,181,15,-0.3707511699999999,0.0,-0.32192326861816,-0.21046656370162964
y_cbt_chg_p1,61,181,16,0.0015643499999999,0.0,-0.17688041526774786,-0.0283662136644125
y_cbt_chg_p1,62,181,17,0.31756327,0.0,0.36389875889826895,0.4423840343952179
y_cbt_chg_p1,63,181,18,-0.06570275,0.0,-0.3151343208472933,-0.1881660670042038
y_cbt_chg_p1,64,181,19,-0.2643753199999999,0.0,-0.2609171712429621,-0.20108933746814728
y_cbt_chg_p1,65,181,20,-0.0093861199999999,0.0,-0.05437725906379543,-0.09004385769367218
y_cbt_chg_p1,66,181,21,0.378573,0.0,0.22599698183296568,0.4773200750350952
y_cbt_chg_p1,67,189,0,-0.0140791399999999,0.0,0.07998013419965361,0.045260217040777206
y_cbt_chg_p1,68,189,1,0.5522159,0.0,0.4324319936038147,0.3621087074279785
y_cbt_chg_p1,69,189,2,-0.3441571999999999,0.0,-0.3129166126640004,-0.21658824384212494
y_cbt_chg_p1,70,189,3,-0.22683093,0.0,-0.3286867827027655,-0.2103888988494873
y_cbt_chg_p1,71,189,6,-0.26124669,0.0,-0.2188933471972753,-0.32203415036201477
y_cbt_chg_p1,72,189,7,0.00469307,0.0,0.25987556530616174,0.05509430170059204
y_cbt_chg_p1,73,189,8,0.32382066,0.0,0.5391644321740886,0.4776068329811096
y_cbt_chg_p1,74,189,9,-0.10324715,0.0,-0.1543479493152025,-0.11920173466205597
y_cbt_chg_p1,75,189,10,-0.2237022199999999,0.0,-0.13143714672857307,-0.2882498800754547
y_cbt_chg_p1,76,189,11,-0.00469306,0.0,0.039172259532384804,0.007281425874680281
y_cbt_chg_p1,77,189,12,0.2956624,0.0,0.46417707335506597,0.41553542017936707
y_cbt_chg_p1,78,189,13,-0.1548707699999999,0.0,-0.10501710349422923,-0.16010066866874695
y_cbt_chg_p1,79,189,14,-0.14079163,0.0,-0.20493074738331638,-0.19956347346305847
y_cbt_chg_p1,80,189,15,-0.0328513699999999,0.0,0.21957793664868588,0.14115336537361145
y_cbt_chg_p1,81,189,16,0.1579995,0.0,0.5956470777806099,0.5009438395500183
y_cbt_chg_p1,82,189,17,0.0265939699999999,0.0,0.08508245521913306,-0.11583146452903748
y_cbt_chg_p1,83,189,18,-0.1658212699999999,0.0,-0.12547514930497067,-0.1357528269290924
y_cbt_chg_p1,84,189,19,-0.02659394,0.0,0.20054102996164822,0.0460706502199173
y_cbt_chg_p1,85,189,20,0.29253364,0.0,0.5934858817695178,0.4838123917579651
y_cbt_chg_p1,86,190,0,0.1314055,0.0,0.25995803133952283,0.019377198070287704
y_cbt_chg_p1,87,190,1,0.1188906499999999,0.0,0.4041644276632935,0.48064690828323364
y_cbt_chg_p1,88,190,2,-0.0876036,0.0,0.042202865740364026,-0.06870698928833008
y_cbt_chg_p1,89,190,3,-0.1267124699999999,0.0,-0.20248678662769085,-0.10077934712171555
y_cbt_chg_p1,90,190,6,-0.31130584,0.0,-0.09944475412108751,-0.20744869112968445
y_cbt_chg_p1,91,190,7,0.0140791399999999,0.0,0.254248753893838,-0.003812648355960846
y_cbt_chg_p1,92,190,8,0.2487318399999999,0.0,0.5145845691138269,0.5047417283058167
y_cbt_chg_p1,93,190,9,0.05631666,0.0,-0.14691179395570675,-0.16513493657112122
y_cbt_chg_p1,94,190,10,-0.35980078,0.0,-0.4647974914383573,-0.3435051739215851
y_cbt_chg_p1,95,190,11,0.00469306,0.0,0.25239114989347144,-0.06193508207798004
y_cbt_chg_p1,96,190,12,0.34259292,0.0,0.801510614958333,0.4189494252204895
y_cbt_chg_p1,97,190,13,0.0312869999999999,0.0,-0.2975146450897639,-0.13865156471729279
y_cbt_chg_p1,98,190,14,-0.3848304,0.0,-0.49659018290719914,-0.252984881401062
y_cbt_chg_p1,99,190,15,0.02346528,0.0,0.03914171874549433,-0.015493490733206272
y_cbt_chg_p1,100,190,16,0.39578082,0.0,0.46446296116632857,0.5635080337524414
y_cbt_chg_p1,101,190,17,-0.0438018,0.0,-0.0746438952273166,-0.1875317245721817
y_cbt_chg_p1,102,190,18,-0.3488503,0.0,-0.5514778623153461,-0.24822205305099487
y_cbt_chg_p1,103,190,19,0.01095044,0.0,-0.06349309279417537,-0.0269427839666605
y_cbt_chg_p1,104,190,20,0.58037426,0.0,0.18674076263588346,0.4950703978538513
y_cbt_chg_p1,105,202,0,-0.65389875,0.0,-0.44991014725280004,-0.06641902029514313
y_cbt_chg_p1,106,202,1,1.54870741,0.0,0.28493693256184205,0.2604128420352936
y_cbt_chg_p1,107,202,2,0.4489688,0.0,-0.9518042576037687,-0.18375244736671448
y_cbt_chg_p1,108,202,3,-1.3281339,0.0,-1.3922837276957842,-0.21929480135440826
y_cbt_chg_p1,109,202,4,1.2420946000000002,0.0,-0.3174801988053388,-0.077019102871418
y_cbt_chg_p1,110,202,5,-0.0516236000000001,0.0,-1.0413575728178401,-0.1344725638628006
y_cbt_chg_p1,111,202,6,-1.1529266,0.0,-1.0613900812765038,-0.18833878636360168
y_cbt_chg_p1,112,202,7,-0.2456031399999999,0.0,-0.3263338967337837,-0.0824541226029396
y_cbt_chg_p1,113,202,8,1.27181734,0.0,0.06516268262019737,0.14404137432575226
y_cbt_chg_p1,114,202,9,0.0156434999999999,0.0,-0.9556218041095341,-0.18190667033195496
y_cbt_chg_p1,115,202,10,-1.12163965,0.0,-1.0055871290839573,-0.1881948709487915
y_cbt_chg_p1,116,202,11,-0.17833602,0.0,-0.27135293969427804,-0.06633846461772919
y_cbt_chg_p1,117,202,12,1.17326317,0.0,0.06227549108809456,0.12831665575504303
y_cbt_chg_p1,118,202,13,-0.9245313,0.0,-0.759525945858203,-0.16118153929710388
y_cbt_chg_p1,119,202,14,-0.09542545,0.0,-0.3061854161004358,-0.2501123547554016
y_cbt_chg_p1,120,202,15,-0.15487075,0.0,-0.4083274213850893,-0.0967329889535904
y_cbt_chg_p1,121,202,16,1.1419762000000002,0.0,0.08333670407877466,0.16368897259235382
y_cbt_chg_p1,122,202,17,-0.6304335000000001,0.0,-0.8339016744976689,-0.1941971331834793
y_cbt_chg_p1,123,202,18,-0.3425928,0.0,-0.5557804666311489,-0.2270999252796173
y_cbt_chg_p1,124,202,19,-0.1611281599999999,0.0,-0.3924897157458308,-0.08721203356981277
y_cbt_chg_p1,125,202,20,0.71490836,0.0,0.08270342858274263,0.12050054222345352
y_cbt_chg_p1,126,202,21,-0.8322347,0.0,-0.5001217737332445,-0.17778374254703522
y_cbt_chg_p1,127,216,0,-0.1110689199999999,0.0,0.2675503747754159,0.023933572694659233
y_cbt_chg_p1,128,216,1,0.30191974,0.0,0.5177742253513112,0.8967940211296082
y_cbt_chg_p1,129,216,2,-0.0015643199999999,0.0,0.31257455866536255,0.025657562538981438
y_cbt_chg_p1,130,216,3,-0.43332526,0.0,0.03816443827674767,-0.074554443359375
y_cbt_chg_p1,131,216,4,-0.0109504639999999,0.0,0.29281125238323125,0.3263953924179077
y_cbt_chg_p1,132,216,5,0.428632154,0.0,0.5503924119473362,0.6556996703147888
y_cbt_chg_p1,133,216,6,-0.0187721699999999,0.0,0.2774155593514343,-0.16080816090106964
y_cbt_chg_p1,134,216,7,-0.2299596,0.0,0.09851194002989062,-0.13161896169185638
y_cbt_chg_p1,135,216,8,0.0046930599999999,0.0,0.21114409672225087,0.1028817743062973
y_cbt_chg_p1,136,216,9,0.30661277,0.0,0.5303132378582266,0.6428653597831726
y_cbt_chg_p1,137,216,10,-0.12671243,0.0,0.29351584977145856,-0.03890562057495117
y_cbt_chg_p1,138,216,11,-0.2080586799999999,0.0,0.07860670325419032,-0.1968098282814026
y_cbt_chg_p1,139,216,12,0.0046930599999999,0.0,0.11713230311367004,-0.025585414841771126
y_cbt_chg_p1,140,216,13,0.22683088,0.0,0.42347233498598796,0.6377235651016235
y_cbt_chg_p1,141,216,14,0.0172078399999999,0.0,0.20679525245203212,-0.09685992449522018
y_cbt_chg_p1,142,216,15,-0.23621698,0.0,0.0007753402232081813,-0.13936062157154083
y_cbt_chg_p1,143,216,16,0.0265939799999999,0.0,0.12840922021431794,0.021235376596450806
y_cbt_chg_p1,144,216,17,0.30504845,0.0,0.4203075231256474,0.5632418394088745
y_cbt_chg_p1,145,253,0,0.0234652699999999,0.0,-2.0504731146037045,-0.05277752876281738
y_cbt_chg_p1,146,253,1,0.27532577,0.0,-1.647807339681166,0.4797404408454895
y_cbt_chg_p1,147,253,2,0.120455,0.0,-1.6679761803721864,-0.08911432325839996
y_cbt_chg_p1,148,253,3,-0.3754442000000001,0.0,-2.103128434901643,-0.40947815775871277
y_cbt_chg_p1,149,253,4,-0.0093860999999999,0.0,-1.9028585135037723,-0.04221151024103165
y_cbt_chg_p1,150,253,5,0.07196013,0.0,-1.4621315898336449,0.5829153656959534
y_cbt_chg_p1,151,253,6,-0.03598003,0.0,-1.4002199753658193,-0.06893636286258698
y_cbt_chg_p1,152,253,7,-0.0328513999999999,0.0,-1.6357659626230046,-0.041642412543296814
y_cbt_chg_p1,153,253,8,0.0,0.0,-1.6898373911402125,-0.08692795783281326
y_cbt_chg_p1,154,253,9,0.4270676999999999,0.0,-1.2806853729741583,0.6509844064712524
y_cbt_chg_p1,155,253,10,-0.1799002499999999,0.0,-1.5593331955831125,0.17067331075668335
y_cbt_chg_p1,156,253,11,-0.3488502499999999,0.0,-1.8517429738783164,-0.056168463081121445
y_cbt_chg_p1,157,253,12,0.0062573599999999,0.0,-1.6954610256424014,0.1702212691307068
y_cbt_chg_p1,158,253,13,0.2847119,0.0,-1.389670441601691,0.6355621814727783
y_cbt_chg_p1,159,253,14,-0.14548463,0.0,-1.5349335499972672,-0.18910454213619232
y_cbt_chg_p1,160,253,15,-0.04536617,0.0,-1.8321129802363647,-0.2592504322528839
y_cbt_chg_p1,161,253,16,-0.0140791599999999,0.0,-1.6611555011688102,-0.15513356029987335
y_cbt_chg_p1,162,253,17,-0.0375443999999999,0.0,-1.3110986330834389,0.5522364377975464
y_cbt_chg_p1,163,253,18,0.18928645,0.0,-1.1002389292631347,0.06300608813762665
y_cbt_chg_p1,164,253,19,-0.13140545,0.0,-1.7569654210398606,-0.46852245926856995
y_cbt_chg_p1,165,253,20,-0.0735245599999999,0.0,-2.09516239040523,-0.14420241117477417
y_cbt_chg_p1,166,253,21,-0.33946419,0.0,-1.5235042874241234,0.5723651051521301
y_cbt_chg_p1,167,253,22,0.45679051,0.0,-1.1984555382495619,0.3972942531108856
y_cbt_chg_p1,168,258,0,0.06883146,0.0,0.6718611783991806,0.07762009650468826
y_cbt_chg_p1,169,258,1,0.47399838,0.0,0.7982976826040564,0.37836816906929016
y_cbt_chg_p1,170,258,2,-0.2487318499999999,0.0,0.16672182566582416,-0.05863279104232788
y_cbt_chg_p1,171,258,3,-0.16894988,0.0,-0.07267848735972392,-0.10290946811437607
y_cbt_chg_p1,172,258,4,-0.03910879,0.0,0.24154488855928474,0.1406152844429016
y_cbt_chg_p1,173,258,5,0.36605813,0.0,0.7101425087093817,0.39074409008026123
y_cbt_chg_p1,174,258,6,-0.0938610799999999,0.0,0.17598659771482406,0.01306343637406826
y_cbt_chg_p1,175,258,7,-0.2581179,0.0,-0.07981081086652346,-0.19262158870697021
y_cbt_chg_p1,176,258,8,-0.02033656,0.0,0.1662856170437027,0.05785469710826874
y_cbt_chg_p1,177,258,9,0.3332068,0.0,0.448959391570459,0.41715767979621887
y_cbt_chg_p1,178,258,10,-0.02346532,0.0,0.02696151633847674,-0.04485612362623215
y_cbt_chg_p1,179,258,11,-0.29722667,0.0,-0.27291149495891504,-0.2282560169696808
y_cbt_chg_p1,180,258,12,-0.02346526,0.0,0.2241540002398965,0.14790895581245422
y_cbt_chg_p1,181,258,13,0.37075122,0.0,0.5457516878002541,0.3496790826320648
y_cbt_chg_p1,182,258,14,-0.18146477,0.0,0.09008216239705101,-0.09376659244298935
y_cbt_chg_p1,183,258,15,-0.2487318,0.0,-0.06179055824395617,-0.20822133123874664
y_cbt_chg_p1,184,258,16,0.0719601499999999,0.0,0.25835993616551767,0.09064775705337524
y_cbt_chg_p1,185,258,17,0.11263327,0.0,0.5375143466692539,0.2947949171066284
y_cbt_chg_p1,186,258,18,-0.1595637899999999,0.0,0.24291442748085618,-0.08014499396085739
y_cbt_chg_p1,187,258,19,-0.106375886,0.0,0.13901887735747637,-0.19891199469566345
y_cbt_chg_p1,188,258,20,0.215880416,0.0,0.44821456594848635,0.12234511971473694
y_cbt_chg_p1,189,260,0,-0.0203365899999999,0.0,0.20333036695741108,0.20565970242023468
y_cbt_chg_p1,190,260,1,0.1658211899999999,0.0,0.45106939273028207,0.43001696467399597
y_cbt_chg_p1,191,260,2,0.05005923,0.0,-0.042729602426390206,-0.011733259074389935
y_cbt_chg_p1,192,260,3,-0.3441572,0.0,-0.41862112992279693,-0.14771917462348938
y_cbt_chg_p1,193,260,4,0.1564351,0.0,0.10726574829265834,0.08020579814910889
y_cbt_chg_p1,194,260,5,0.35041462,0.0,0.33420338211028144,0.4246269464492798
y_cbt_chg_p1,195,260,6,-0.0954254,0.0,-0.44495577757877763,-0.11099933087825775
y_cbt_chg_p1,196,260,7,-0.27219708,0.0,-0.6170797330124286,-0.20656396448612213
y_cbt_chg_p1,197,260,8,-0.0062574099999999,0.0,-0.16884589346265105,0.040538039058446884
y_cbt_chg_p1,198,260,9,0.236217,0.0,0.36522316695115636,0.37962257862091064
y_cbt_chg_p1,199,260,10,0.173643,0.0,-0.13435320058527248,-0.013046879321336746
y_cbt_chg_p1,200,260,11,-0.41455305,0.0,-0.5097622650604483,-0.21780744194984436
y_cbt_chg_p1,201,260,12,0.00938611,0.0,-0.041856407361843415,0.03449757397174835
y_cbt_chg_p1,202,260,13,0.3222563399999999,0.0,0.36144508588446206,0.35990628600120544
y_cbt_chg_p1,203,260,14,-0.1298411799999999,0.0,-0.1454784026032529,-0.09066629409790039
y_cbt_chg_p1,204,260,15,-0.20962302,0.0,-0.42915658088193964,-0.15189412236213684
y_cbt_chg_p1,205,260,16,0.03128701,0.0,0.05225383019669565,0.08179279416799545
y_cbt_chg_p1,206,260,17,0.27532579,0.0,0.26500833807407104,0.2394338697195053
y_cbt_chg_p1,207,260,18,-0.0187722099999999,0.0,-0.034729496330882154,-0.1194378212094307
y_cbt_chg_p1,208,260,19,-0.33164242,0.0,-0.5059925875378688,-0.19677796959877014
y_cbt_chg_p1,209,260,20,0.0312870299999999,0.0,0.017000678957753364,0.0957687646150589
y_cbt_chg_p1,210,260,21,0.24091004,0.0,0.08836428531305886,0.29450562596321106
y_cbt_chg_p1,211,260,22,-0.32538501,0.0,-0.28887755855280683,-0.060572441667318344
y_pii_p1,0,179,0,-0.215181818,-0.019455698,-0.28145451585289766,-0.0988115668296814
y_pii_p1,1,179,1,-0.223115053,-0.215181818,-0.5240019785556977,-0.318368136882782
y_pii_p1,2,179,2,-0.20452987,-0.223115053,-0.26754827837677103,-0.09108850359916687
y_pii_p1,3,179,3,-0.247898664,-0.20452987,-0.24510314423212431,-0.09826801717281342
y_pii_p1,4,179,4,-0.13005477,-0.247898664,-0.3941884046732044,-0.2598302662372589
y_pii_p1,5,179,5,-0.226666381,-0.13005477,-0.5902251346289772,-0.2838972806930542
y_pii_p1,6,179,6,-0.17805383,-0.226666381,-0.29282939986255024,-0.052592456340789795
y_pii_p1,7,179,7,-0.157289776,-0.17805383,-0.2929065384993552,-0.054386790841817856
y_pii_p1,8,179,8,0.000677072,-0.157289776,-0.3877230792177511,-0.09483339637517929
y_pii_p1,9,179,9,-0.215092509,0.000677072,-0.5237080888743458,-0.19929641485214233
y_pii_p1,10,179,10,0.1108644730574453,-0.215092509,-0.3348433164806655,-0.15725389122962952
y_pii_p1,11,179,11,-0.153785286,0.1108644730574453,-0.1700479447681444,-0.016089193522930145
y_pii_p1,12,179,12,-0.019032101,-0.153785286,-0.3177430574205806,-0.11215459555387497
y_pii_p1,13,179,13,-0.311336684,-0.019032101,-0.49974843626593096,-0.2933574616909027
y_pii_p1,14,179,14,-0.196854845,-0.311336684,-0.32135617464026295,-0.08177978545427322
y_pii_p1,15,179,15,-0.137820004,-0.196854845,-0.25325031815351295,-0.03266482800245285
y_pii_p1,16,179,16,-0.249471442,-0.137820004,-0.27796287982067636,-0.11746526509523392
y_pii_p1,17,179,17,-0.179048405,-0.249471442,-0.5633577181344318,-0.30622097849845886
y_pii_p1,18,179,18,-0.176225484,-0.179048405,-0.2242450030788985,-0.09495406597852707
y_pii_p1,19,179,19,-0.207249798,-0.176225484,-0.23098922116579396,-0.09647770971059799
y_pii_p1,20,179,20,-0.14857732,-0.207249798,-0.2955726518774766,-0.3168710172176361
y_pii_p1,21,179,21,-0.261944848,-0.14857732,-0.2763243974826402,-0.06435553729534149
y_pii_p1,22,179,22,-0.162722807,-0.261944848,-0.18876109768814664,-0.06525587290525436
y_pii_p1,23,180,0,-0.394510284,-0.299296191,-0.17890303265539492,-0.12935233116149902
y_pii_p1,24,180,1,-0.391040745,-0.394510284,-0.3033087772537075,-0.2679229974746704
y_pii_p1,25,180,2,-0.358704326,-0.391040745,-0.2930511945674484,-0.27669382095336914
y_pii_p1,26,180,3,-0.306127322,-0.358704326,-0.28621324836077716,-0.20543210208415985
y_pii_p1,27,180,4,-0.209058656,-0.306127322,-0.176848249381657,-0.1457333117723465
y_pii_p1,28,180,5,-0.403788291,-0.209058656,-0.2986893304093395,-0.17555098235607147
y_pii_p1,29,180,6,-0.310525291,-0.403788291,-0.3199478233319572,-0.22806960344314575
y_pii_p1,30,180,7,0.021532538,-0.310525291,-0.34283464602774705,-0.19254359602928162
y_pii_p1,31,180,8,-0.173143706,0.021532538,-0.13802465984380025,-0.10455881804227829
y_pii_p1,32,180,9,-0.541418965,-0.173143706,-0.21280641524657196,-0.14850732684135437
y_pii_p1,33,180,10,-0.254661789,-0.541418965,-0.3415580850883771,-0.30500921607017517
y_pii_p1,34,180,11,-0.145998649,-0.254661789,-0.36323032066159644,-0.1430540233850479
y_pii_p1,35,180,12,0.3022528060187041,-0.145998649,-0.2928658840598488,-0.14922112226486206
y_pii_p1,36,180,13,-0.38957695,0.3022528060187041,-0.1736398858063432,-0.03742169216275215
y_pii_p1,37,180,14,0.077234724,-0.38957695,-0.002925352140484186,-0.22850894927978516
y_pii_p1,38,180,15,-0.256329418,0.077234724,-0.14691330182047513,-0.2059631496667862
y_pii_p1,39,180,16,-0.20213374,-0.256329418,0.0889912304702976,-0.1347217559814453
y_pii_p1,40,180,17,-0.612996343,-0.20213374,-0.27236886007055894,-0.2242526113986969
y_pii_p1,41,180,18,-0.141265712,-0.612996343,-0.3010946518601801,-0.238547220826149
y_pii_p1,42,180,19,-0.184567498,-0.141265712,-0.20473901756401658,-0.18963280320167542
y_pii_p1,43,180,20,-0.116887678,-0.184567498,-0.04184003431409754,-0.21275374293327332
y_pii_p1,44,180,21,-0.6720516,-0.116887678,-0.18311090302930677,-0.24705658853054047
y_pii_p1,45,181,0,0.2625556945787862,-0.263601181,-0.14655194103666472,-0.26027312874794006
y_pii_p1,46,181,1,-0.13580539,0.2625556945787862,-0.200829027965827,-0.048953745514154434
y_pii_p1,47,181,2,0.097622513,-0.13580539,0.0389912799770337,-0.07290583103895187
y_pii_p1,48,181,3,-0.175855223,0.097622513,0.031503997545538676,-0.2236146181821823
y_pii_p1,49,181,4,-0.147749343,-0.175855223,-0.020570498378646003,-0.14905180037021637
y_pii_p1,50,181,5,-0.372934193,-0.147749343,-0.1959515566684281,-0.30862322449684143
y_pii_p1,51,181,6,-0.484721949,-0.372934193,-0.07430148732006145,-0.17474396526813507
y_pii_p1,52,181,7,-0.201946964,-0.484721949,-0.08466553683385844,-0.3146165609359741
y_pii_p1,53,181,8,-0.205339241,-0.201946964,-0.09216737766909053,-0.1681758165359497
y_pii_p1,54,181,9,-0.57766587,-0.205339241,-0.22882199413784368,-0.3559179902076721
y_pii_p1,55,181,10,-0.456817016,-0.57766587,-0.10451523615197095,-0.17449283599853516
y_pii_p1,56,181,11,-0.185810945,-0.456817016,-0.04878490997447143,-0.18772292137145996
y_pii_p1,57,181,12,-0.188665757,-0.185810945,-0.13583235651754014,-0.0743260607123375
y_pii_p1,58,181,13,-0.699550199,-0.188665757,-0.13861709599104413,-0.31349682807922363
y_pii_p1,59,181,14,-0.494952014,-0.699550199,0.038438993388118826,-0.13716882467269897
y_pii_p1,60,181,15,-0.233103076,-0.494952014,-0.1518078892077743,-0.14212363958358765
y_pii_p1,61,181,16,-0.298640403,-0.233103076,-0.14953647373176845,-0.1843162328004837
y_pii_p1,62,181,17,-0.538564493,-0.298640403,-0.3257457766057206,-0.2782188653945923
y_pii_p1,63,181,18,-0.399806316,-0.538564493,0.13652203381158137,-0.13099925220012665
y_pii_p1,64,181,19,-0.208269572,-0.399806316,-0.03796940579565652,-0.07368947565555573
y_pii_p1,65,181,20,-0.243033023,-0.208269572,-0.24495751600270624,-0.10122430324554443
y_pii_p1,66,181,21,-0.352487756,-0.243033023,-0.1862644897322272,-0.23337684571743011
y_pii_p1,67,189,0,-0.305717064,-0.223690334,-0.009810485088362152,-0.2152523547410965
y_pii_p1,68,189,1,-0.353735575,-0.305717064,-0.19898891749725633,-0.28021252155303955
y_pii_p1,69,189,2,-0.218771148,-0.353735575,-0.10484680774467194,-0.20094382762908936
y_pii_p1,70,189,3,-0.18026909,-0.218771148,-0.006273954521419101,-0.08393580466508865
y_pii_p1,71,189,5,-0.248833838,0.017512608065918762,-0.15115590008722318,-0.17980468273162842
y_pii_p1,72,189,6,-0.158534144,-0.248833838,-0.043194713924248174,-0.13556566834449768
y_pii_p1,73,189,7,-0.137704424,-0.158534144,-0.11701306358437268,-0.23636513948440552
y_pii_p1,74,189,8,-0.220494393,-0.137704424,-0.24179661732062618,-0.4602764844894409
y_pii_p1,75,189,9,-0.308693659,-0.220494393,0.007822830057826122,-0.25492924451828003
y_pii_p1,76,189,10,-0.164847669,-0.308693659,-0.152423948990641,-0.27534982562065125
y_pii_p1,77,189,11,-0.134569514,-0.164847669,0.15767174702275943,-0.10357260704040527
y_pii_p1,78,189,12,-0.193845708,-0.134569514,-0.10453659180517312,-0.2625772953033447
y_pii_p1,79,189,13,-0.102141681,-0.193845708,0.0294878106213428,-0.17329269647598267
y_pii_p1,80,189,14,-0.080895759,-0.102141681,0.05032427554979541,-0.2742888629436493
y_pii_p1,81,189,15,-0.088799046,-0.080895759,-0.05308432279266584,-0.13099853694438934
y_pii_p1,82,189,16,-0.018848729,-0.088799046,-0.222877045350524,-0.3918460011482239
y_pii_p1,83,189,17,-0.108096976,-0.018848729,0.04546027127508761,-0.2416207641363144
y_pii_p1,84,189,18,-0.082641681,-0.108096976,0.048026946556489446,-0.16231098771095276
y_pii_p1,85,189,19,-0.099431427,-0.082641681,0.018603666314795764,-0.18431991338729858
y_pii_p1,86,189,20,-0.180681519,-0.099431427,-0.22611228014101126,-0.38098061084747314
y_pii_p1,87,190,0,-0.030204556,0.1166640551824121,0.017942137948420925,-0.0643812045454979
y_pii_p1,88,190,1,0.2401447901013709,-0.030204556,0.011634773889840383,-0.34924590587615967
y_pii_p1,89,190,2,0.4598521184279007,0.2401447901013709,-0.12014651032445418,-0.11049605906009674
y_pii_p1,90,190,3,-0.088704717,0.4598521184279007,0.15830557518560445,0.03157593682408333
y_pii_p1,91,190,5,0.046115817,-0.015752241356066437,-0.3379599632391666,-0.19171161949634552
y_pii_p1,92,190,6,0.003135526,0.046115817,-0.22566553479623042,-0.2093905359506607
y_pii_p1,93,190,7,-0.009407796,0.003135526,-0.0816480587346962,-0.15517640113830566
y_pii_p1,94,190,8,0.088512633,-0.009407796,-0.06836165724589945,-0.19070640206336975
y_pii_p1,95,190,9,-0.049663633,0.088512633,0.10192510811623258,-0.03513862192630768
y_pii_p1,96,190,10,0.7863056343809529,-0.049663633,0.13626155701445344,-0.03358442708849907
y_pii_p1,97,190,11,1.1762525963905257,0.7863056343809529,-0.08329186820075105,0.12546709179878235
y_pii_p1,98,190,12,0.009694196,1.1762525963905257,-0.5535040166567367,0.25469014048576355
y_pii_p1,99,190,13,-0.068152609,0.009694196,0.3804733254068406,0.1716424524784088
y_pii_p1,100,190,14,-0.011365835,-0.068152609,0.3716367987743739,0.22265581786632538
y_pii_p1,101,190,15,-0.047389182,-0.011365835,0.398245763413794,0.2515496611595154
y_pii_p1,102,190,16,0.556047086,-0.047389182,0.04485049170110984,-0.1467515081167221
y_pii_p1,103,190,17,0.1657381965643788,0.556047086,-0.12514016145440165,0.32925376296043396
y_pii_p1,104,190,18,0.015101844,0.1657381965643788,0.5694971043192264,0.30773961544036865
y_pii_p1,105,190,19,-0.028078901,0.015101844,0.5240094730833686,0.08948134630918503
y_pii_p1,106,190,20,-0.148105465,-0.028078901,0.4030414048025164,0.07350081950426102
y_pii_p1,107,202,0,0.6609404933201769,-0.332144976,0.2896346059868356,0.003442180808633566
y_pii_p1,108,202,1,-0.49157483,0.6609404933201769,0.33205490944786265,0.3184785544872284
y_pii_p1,109,202,2,-1.203904222,-0.49157483,0.18947373912177526,0.14263691008090973
y_pii_p1,110,202,3,-0.437429077,-1.203904222,-0.17628466705708973,0.07947690784931183
y_pii_p1,111,202,4,-1.216540018,-0.437429077,0.02374207229841268,0.0006090303650125861
y_pii_p1,112,202,5,-1.078967711,-1.216540018,-0.23956830141858387,-0.0445968434214592
y_pii_p1,113,202,6,-0.519484779,-1.078967711,-0.41311551052837686,-0.03354610875248909
y_pii_p1,114,202,7,-0.218147772,-0.519484779,-0.008584640325253252,0.05375275760889053
y_pii_p1,115,202,8,-0.925833399,-0.218147772,0.14761970414346678,0.15589095652103424
y_pii_p1,116,202,9,-1.10075206,-0.925833399,-0.13703315931459048,-0.0669650062918663
y_pii_p1,117,202,10,-0.409919688,-1.10075206,-0.3792095277697309,-0.021650442853569984
y_pii_p1,118,202,11,-0.315070049,-0.409919688,-0.008571229281061028,0.049703773111104965
y_pii_p1,119,202,12,-0.956006147,-0.315070049,0.06469584416089784,-0.10891718417406082
y_pii_p1,120,202,13,0.2558483268889138,-0.956006147,-0.2684739424972695,-0.03519105166196823
y_pii_p1,121,202,14,-0.313068987,0.2558483268889138,-0.0019704249859830505,0.12181830406188965
y_pii_p1,122,202,15,-0.166944222,-0.313068987,0.22741833094494956,0.09579063951969147
y_pii_p1,123,202,16,-0.830140454,-0.166944222,0.07718914233651133,-0.1227356344461441
y_pii_p1,124,202,17,0.1744800384064042,-0.830140454,-0.143072863412393,-0.10729407519102097
y_pii_p1,125,202,18,-0.276859682,0.1744800384064042,0.3211326776393354,0.255731999874115
y_pii_p1,126,202,19,-0.089198511,-0.276859682,0.4595371084368247,0.17466853559017181
y_pii_p1,127,202,20,-0.16537623,-0.089198511,0.1487226614849867,0.2704876959323883
y_pii_p1,128,202,21,0.8370135538100039,-0.16537623,0.11068294555134761,0.011388929560780525
y_pii_p1,129,216,0,0.1986257189723746,0.2178274283125533,-0.011154771520481811,-0.11701259762048721
y_pii_p1,130,216,1,0.3165591839709562,0.1986257189723746,-0.21789007706811722,-0.29132604598999023
y_pii_p1,131,216,2,0.3129535936669232,0.3165591839709562,-0.1620282802995462,-0.1376575529575348
y_pii_p1,132,216,3,0.7949841932972594,0.3129535936669232,-0.09080788855584215,-0.18122747540473938
y_pii_p1,133,216,4,0.801958273,0.7949841932972594,0.05946972514847501,-0.11808989197015762
y_pii_p1,134,216,5,0.2823111823706224,0.801958273,-0.01146620825686702,-0.20313911139965057
y_pii_p1,135,216,6,0.2913933890898471,0.2823111823706224,-0.17125248149940434,-0.023426862433552742
y_pii_p1,136,216,7,0.3023529562016799,0.2913933890898471,-0.121964594890011,-0.07561938464641571
y_pii_p1,137,216,8,0.2332449926421921,0.3023529562016799,-0.06938471866998312,0.20867054164409637
y_pii_p1,138,216,9,0.276478189,0.2332449926421921,-0.2291830374414849,0.06966656446456909
y_pii_p1,139,216,10,0.3082923067667221,0.276478189,-0.15026159155515378,0.15324287116527557
y_pii_p1,140,216,11,0.3176713213623897,0.3082923067667221,-0.0570481738081805,0.11684368550777435
y_pii_p1,141,216,12,0.3557787250109089,0.3176713213623897,0.004989748163607484,0.3235037922859192
y_pii_p1,142,216,13,0.3217903851489805,0.3557787250109089,-0.11297755554407783,0.08131562918424606
y_pii_p1,143,216,14,0.2221084902208252,0.3217903851489805,-0.07147838683688125,0.13831616938114166
y_pii_p1,144,216,15,0.3144641817147677,0.2221084902208252,-0.01779129394849369,0.039342571049928665
y_pii_p1,145,216,16,0.2729412671252232,0.3144641817147677,-0.017030760528418634,0.3000801205635071
y_pii_p1,146,216,17,0.2951880580057607,0.2729412671252232,-0.15087872456028906,0.04475177824497223
y_pii_p1,147,253,0,-0.292872158,-0.288391164,1.7635567423619143,-0.05982328578829765
y_pii_p1,148,253,1,-0.066022842,-0.292872158,1.4809065418504883,0.023839686065912247
y_pii_p1,149,253,2,-0.371557727,-0.066022842,1.554494862230703,0.06178690120577812
y_pii_p1,150,253,3,-0.307904133,-0.371557727,1.5243989122085515,-0.017766568809747696
y_pii_p1,151,253,4,-0.193084233,-0.307904133,1.5338644701744306,-0.0311510618776083
y_pii_p1,152,253,5,0.062557687,-0.193084233,1.4046304916248311,-0.0850968062877655
y_pii_p1,153,253,6,-0.215481814,0.062557687,1.659132201822722,0.1317651867866516
y_pii_p1,154,253,7,-0.232822138,-0.215481814,1.7713869900678694,0.00958290696144104
y_pii_p1,155,253,8,-0.312066866,-0.232822138,1.6313991999742432,0.14544005692005157
y_pii_p1,156,253,9,-0.315339286,-0.312066866,1.4489405785556573,-0.02824968472123146
y_pii_p1,157,253,10,-0.289752247,-0.315339286,1.4769644741741952,-0.006240049842745066
y_pii_p1,158,253,11,-0.124254857,-0.289752247,1.5981365306164301,-0.0993531122803688
y_pii_p1,159,253,12,-0.222015408,-0.124254857,1.7394134512798205,0.010188814252614975
y_pii_p1,160,253,13,0.1385767525992676,-0.222015408,1.4678589818006222,-0.201211079955101
y_pii_p1,161,253,14,-0.128213831,0.1385767525992676,1.7116612445612107,0.38034480810165405
y_pii_p1,162,253,15,-0.304894039,-0.128213831,1.7682366603219695,0.2543221116065979
y_pii_p1,163,253,16,-0.265065199,-0.304894039,1.3850337270139184,-0.02970893308520317
y_pii_p1,164,253,17,0.7361929634121086,-0.265065199,1.4176337291556413,-0.06822247058153152
y_pii_p1,165,253,18,-0.067256512,0.7361929634121086,1.692474737513146,0.5504412651062012
y_pii_p1,166,253,19,-0.249090723,-0.067256512,2.026355145805199,0.4923672378063202
y_pii_p1,167,253,20,-0.217105203,-0.249090723,1.8430388771823547,0.29416337609291077
y_pii_p1,168,253,21,1.279313500547271,-0.217105203,1.515808778778818,0.05232499912381172
y_pii_p1,169,253,22,0.073538141,1.279313500547271,2.0509822469918166,0.07744347304105759
y_pii_p1,170,258,0,0.4576830307336582,0.5810490032894894,0.2558563185610357,0.38131651282310486
y_pii_p1,171,258,1,0.2472121114032823,0.4576830307336582,0.1658365169204476,0.22175569832324982
y_pii_p1,172,258,2,0.3061645578977768,0.2472121114032823,0.2557544926092594,0.2159772366285324
y_pii_p1,173,258,3,0.3501624182176951,0.3061645578977768,0.46357559248781505,0.36092808842658997
y_pii_p1,174,258,4,0.2982872891874266,0.3501624182176951,0.27751307945771714,0.17829960584640503
y_pii_p1,175,258,5,0.2264333909394927,0.2982872891874266,0.07562136446809069,0.07491185516119003
y_pii_p1,176,258,6,0.308821191,0.2264333909394927,0.23079108840742052,0.1646379977464676
y_pii_p1,177,258,7,0.3623004357225197,0.308821191,0.3298900198969106,0.2610243856906891
y_pii_p1,178,258,8,0.5034390755766266,0.3623004357225197,0.4235880871743497,0.200341135263443
y_pii_p1,179,258,9,0.3384065636656654,0.5034390755766266,0.29949646435150035,0.09899165481328964
y_pii_p1,180,258,10,1.0531570953827716,0.3384065636656654,0.3166279338428631,0.16263683140277863
y_pii_p1,181,258,11,0.4138618684348868,1.0531570953827716,0.5988523112490707,0.2894825041294098
y_pii_p1,182,258,12,0.3487845898911936,0.4138618684348868,0.30378527017232065,0.14755919575691223
y_pii_p1,183,258,13,0.2053244616128496,0.3487845898911936,0.19221640038805138,0.07452164590358734
y_pii_p1,184,258,14,0.4926774766519624,0.2053244616128496,0.3640507321498243,0.33934879302978516
y_pii_p1,185,258,15,0.8213504119950902,0.4926774766519624,0.4419970001309167,0.31443601846694946
y_pii_p1,186,258,16,0.5178747289698113,0.8213504119950902,0.45693456784434533,0.29240989685058594
y_pii_p1,187,258,17,0.7000775725128721,0.5178747289698113,0.24351779700485743,0.18828098475933075
y_pii_p1,188,258,18,1.0324456013352443,0.7000775725128721,0.326862970226817,0.40598538517951965
y_pii_p1,189,258,19,1.0351689053578608,1.0324456013352443,0.6222311190307435,0.2845591604709625
y_pii_p1,190,258,20,0.3189755011201612,1.0351689053578608,0.540248000290801,0.30051371455192566
y_pii_p1,191,260,0,0.4515499859838124,0.4007166107913965,0.10917503066859993,0.055133044719696045
y_pii_p1,192,260,1,0.3684675774137757,0.4515499859838124,0.062223032740267116,0.031342171132564545
y_pii_p1,193,260,2,0.9183193911383098,0.3684675774137757,0.38862465787162326,0.27721238136291504
y_pii_p1,194,260,3,0.694182078,0.9183193911383098,0.5983339881193084,0.3186008334159851
y_pii_p1,195,260,4,0.4870737839856308,0.694182078,0.36607314699518917,0.33301326632499695
y_pii_p1,196,260,5,0.3298056559345874,0.4870737839856308,0.2185432459911046,0.08804677426815033
y_pii_p1,197,260,6,0.2934976970115329,0.3298056559345874,0.5654854909234577,0.5181344151496887
y_pii_p1,198,260,7,0.4134004796590322,0.2934976970115329,0.6780990830220105,0.431480348110199
y_pii_p1,199,260,8,0.3141064523975084,0.4134004796590322,0.5148964555473053,0.41907989978790283
y_pii_p1,200,260,9,0.2906290588208955,0.3141064523975084,0.17372007569540526,0.2114454060792923
y_pii_p1,201,260,10,0.1576368665032186,0.2906290588208955,0.4623380661799675,0.33104249835014343
y_pii_p1,202,260,11,0.4085772299870484,0.1576368665032186,0.49036440460593017,0.09624182432889938
y_pii_p1,203,260,12,0.4173938599785337,0.4085772299870484,0.3961599730968699,0.4990672171115875
y_pii_p1,204,260,13,0.2552370868022424,0.4173938599785337,0.1786049204750343,0.29061007499694824
y_pii_p1,205,260,14,0.3851560833031662,0.2552370868022424,0.3629564856023747,0.6417102813720703
y_pii_p1,206,260,15,0.3684995761985111,0.3851560833031662,0.5793531772662943,0.4887332022190094
y_pii_p1,207,260,16,0.2623192792300881,0.3684995761985111,0.3110615317297743,0.30338719487190247
y_pii_p1,208,260,17,0.170029481,0.2623192792300881,0.2130864777602359,0.4007665812969208
y_pii_p1,209,260,18,0.3216725174069606,0.170029481,0.2401815437991777,0.23011314868927002
y_pii_p1,210,260,19,0.7359520490370025,0.3216725174069606,0.5978255439768054,0.5316786766052246
y_pii_p1,211,260,20,0.4811284897500743,0.7359520490370025,0.5782382208266571,0.3599277138710022
y_pii_p1,212,260,21,0.4883749570374125,0.4811284897500743,0.46237768586939726,0.36547285318374634
y_pii_p1,213,260,22,1.2281770765284037,0.4883749570374125,0.5795025658878483,0.4737243950366974
